timestamp,open,high,low,close,volume
2024-01-01T00:00:00Z,42000,42600,41700,42400,1200
2024-01-02T00:00:00Z,42400,43100,42200,42900,1550
2024-01-03T00:00:00Z,42900,43400,42700,43100,1420
2024-01-04T00:00:00Z,43100,43600,42000,42200,1980
2024-01-05T00:00:00Z,42200,42800,41900,42600,1660
2024-01-06T00:00:00Z,42600,43700,42500,43500,2200
2024-01-07T00:00:00Z,43500,44200,43200,44000,1750
2024-01-08T00:00:00Z,44000,44100,42800,43000,2670
2024-01-09T00:00:00Z,43000,43800,42700,43700,2040
2024-01-10T00:00:00Z,43700,44600,43500,44400,3100
2024-01-11T00:00:00Z,44400,45100,44100,44800,2900
2024-01-12T00:00:00Z,44800,45000,43800,44000,3300
2024-01-13T00:00:00Z,44000,44600,43500,44300,1860
2024-01-14T00:00:00Z,44300,45400,44100,45200,3520
2024-01-15T00:00:00Z,45200,46200,44900,45900,4120
